<?xml version="1.0" encoding="UTF-8"?>
<rss version="2.0" xmlns:atom="https://www.w3.org/2005/Atom">
  <channel>
    <title>Pascal &amp; Emily</title>
    <description>Emily and Pascal are getting married!</description>
    <link>http://localhost:4000/</link>
    <atom:link href="http://localhost:4000/feed.xml" rel="self" type="application/rss+xml" />
    <pubDate>Sun, 02 Jun 2024 20:32:15 +0200</pubDate>
    <lastBuildDate>Sun, 02 Jun 2024 20:32:15 +0200</lastBuildDate>
    <generator>Jekyll v4.3.3</generator>
    
      <item>
        <title>Dreams</title>
        <description>
</description>
        <pubDate>Fri, 18 Jul 2014 00:00:00 +0200</pubDate>
        <link>http://localhost:4000/web%20development/2014/07/18/project-1/</link>
        <guid isPermaLink="true">http://localhost:4000/web%20development/2014/07/18/project-1/</guid>
        
        
        <category>Web Development</category>
        
      </item>
    
      <item>
        <title>Escape</title>
        <description>
</description>
        <pubDate>Thu, 17 Jul 2014 00:00:00 +0200</pubDate>
        <link>http://localhost:4000/web%20development/2014/07/17/project-2/</link>
        <guid isPermaLink="true">http://localhost:4000/web%20development/2014/07/17/project-2/</guid>
        
        
        <category>Web Development</category>
        
      </item>
    
      <item>
        <title>Golden</title>
        <description>
</description>
        <pubDate>Wed, 16 Jul 2014 00:00:00 +0200</pubDate>
        <link>http://localhost:4000/web%20development/2014/07/16/project-3/</link>
        <guid isPermaLink="true">http://localhost:4000/web%20development/2014/07/16/project-3/</guid>
        
        
        <category>Web Development</category>
        
      </item>
    
      <item>
        <title>Treehouse</title>
        <description>
</description>
        <pubDate>Tue, 15 Jul 2014 00:00:00 +0200</pubDate>
        <link>http://localhost:4000/web%20development/2014/07/15/project-4/</link>
        <guid isPermaLink="true">http://localhost:4000/web%20development/2014/07/15/project-4/</guid>
        
        
        <category>Web Development</category>
        
      </item>
    
      <item>
        <title>Round Icons</title>
        <description>
</description>
        <pubDate>Tue, 15 Jul 2014 00:00:00 +0200</pubDate>
        <link>http://localhost:4000/web%20development/2014/07/15/project-6/</link>
        <guid isPermaLink="true">http://localhost:4000/web%20development/2014/07/15/project-6/</guid>
        
        
        <category>Web Development</category>
        
      </item>
    
      <item>
        <title>Startup Framework</title>
        <description>
</description>
        <pubDate>Mon, 14 Jul 2014 00:00:00 +0200</pubDate>
        <link>http://localhost:4000/web%20development/2014/07/14/project-5/</link>
        <guid isPermaLink="true">http://localhost:4000/web%20development/2014/07/14/project-5/</guid>
        
        
        <category>Web Development</category>
        
      </item>
    
  </channel>
</rss>
